distro,rolling_release,fixed_release,based_on_debian,based_on_arch,based_on_rhel,independent_base,uses_systemd,uses_apt,uses_pacman,uses_rpm,gnome_default,kde_default,xfce_default,no_default_desktop,lightweight_low_resource,beginner_friendly,security_privacy_focused,gaming_focused,server_enterprise_focused,immutable_filesystem,commercial_backing,gui_installer_friendly,terminal_first_experience,released_before_2010,released_after_2015,uses_sysvinit_or_openrc_or_runit,minimalist_by_design,developer_focused,good_for_old_hardware,suitable_for_servers_no_gui,would_you_compile_your_own_kernel_for_fun,do_you_enjoy_reading_man_pages,do_you_cry_when_updates_break_your_desktop,would_you_survive_without_a_mouse,do_you_own_a_mechanical_keyboard,do_you_have_strong_opinions_about_init_systems,would_you_name_your_pet_after_a_linux_kernel_version,do_you_distro_hop_often,would_you_trust_this_os_on_your_grandmas_laptop,do_you_like_customizing_your_desktop_for_hours,would_you_use_this_to_hack_the_planet,do_you_believe_less_is_more,would_you_recommend_this_to_your_boss,do_you_get_excited_about_new_package_managers,would_this_os_survive_a_zombie_apocalypse_offline,do_you_secretly_want_to_use_arch_btw,would_you_trust_it_to_run_a_nuclear_reactor,do_you_enjoy_breaking_things_and_fixing_them,would_you_install_this_on_a_potato,do_you_want_your_os_to_just_work_and_stay_out_of_the_way,ubuntu_family,made_for_gaming_handhelds,declarative_configuration,privacy_live_session,upstream_of_ubuntu,cinnamon_desktop,pantheon_desktop,windows_like_desktop,centos_stream_model,rocky_enterprise_clone,almalinux_enterprise_clone,ubuntu_xfce_flavor,ubuntu_mate_flavor,mandriva_descendant,feren_kde_desktop,base_family,release_model,primary_package_manager,default_desktop_name,default_init,project_website,data_quality,as_of_date
Ubuntu,0,1,1,0,0,0,1,1,0,0,1,0,0,0,0,,0,0,1,0,1,,0,,,0,0,,,,,,,,,,,,,,,,,,,,,,,,1,0,0,0,0,0,0,,0,0,0,0,0,0,0,debian,fixed,apt,GNOME,systemd,https://ubuntu.com/,curated; subjective columns intentionally blank,2026-09-16
Debian,0,1,0,0,0,1,1,1,0,0,1,0,0,0,0,,0,0,1,0,0,,0,,,0,0,,,,,,,,,,,,,,,,,,,,,,,,0,0,0,0,1,0,0,,0,0,0,0,0,0,0,independent,fixed,apt,GNOME,systemd,https://www.debian.org/,curated; subjective columns intentionally blank,2026-09-16
Fedora,0,1,0,0,0,1,1,0,0,1,1,0,0,0,0,,0,0,0,0,1,,0,,,0,0,,,,,,,,,,,,,,,,,,,,,,,,0,0,0,0,0,0,0,,0,0,0,0,0,0,0,independent,fixed,dnf,GNOME,systemd,https://fedoraproject.org/,curated; subjective columns intentionally blank,2026-09-16
Arch Linux,1,0,0,0,0,1,1,0,1,0,0,0,0,1,0,,0,0,0,0,0,,1,,,0,1,,,,,,,,,,,,,,,,,,,,,,,,0,0,0,0,0,0,0,,0,0,0,0,0,0,0,independent,rolling,pacman,none,systemd,https://archlinux.org/,curated; subjective columns intentionally blank,2026-09-16
Manjaro,1,0,0,1,0,0,1,0,1,0,0,0,1,0,0,,0,0,0,0,0,,0,,,0,0,,,,,,,,,,,,,,,,,,,,,,,,0,0,0,0,0,0,0,,0,0,0,0,0,0,0,arch,rolling,pacman,Xfce,systemd,https://manjaro.org/,curated; subjective columns intentionally blank,2026-09-16
Linux Mint,0,1,1,0,0,0,1,1,0,0,0,0,0,0,0,,0,0,0,0,0,,0,,,0,0,,,,,,,,,,,,,,,,,,,,,,,,1,0,0,0,0,1,0,,0,0,0,0,0,0,0,ubuntu,fixed,apt,Cinnamon,systemd,https://linuxmint.com/,curated; subjective columns intentionally blank,2026-09-16
openSUSE Tumbleweed,1,0,0,0,0,1,1,0,0,1,0,1,0,0,0,,0,0,0,0,1,,0,,,0,0,,,,,,,,,,,,,,,,,,,,,,,,0,0,0,0,0,0,0,,0,0,0,0,0,0,0,independent,rolling,zypper,KDE Plasma,systemd,https://get.opensuse.org/tumbleweed/,curated; subjective columns intentionally blank,2026-09-16
openSUSE Leap,0,1,0,0,0,1,1,0,0,1,0,1,0,0,0,,0,0,1,0,1,,0,,,0,0,,,,,,,,,,,,,,,,,,,,,,,,0,0,0,0,0,0,0,,0,0,0,0,0,0,0,independent,fixed,zypper,KDE Plasma,systemd,https://get.opensuse.org/leap/,curated; subjective columns intentionally blank,2026-09-16
Pop!_OS,0,1,1,0,0,0,1,1,0,0,0,0,0,0,0,,0,0,0,0,1,,0,,,0,0,,,,,,,,,,,,,,,,,,,,,,,,1,0,0,0,0,0,0,,0,0,0,0,0,0,0,ubuntu,fixed,apt,COSMIC,systemd,https://system76.com/pop/,curated; subjective columns intentionally blank,2026-09-16
elementary OS,0,1,1,0,0,0,1,1,0,0,0,0,0,0,0,,0,0,0,0,0,,0,,,0,0,,,,,,,,,,,,,,,,,,,,,,,,1,0,0,0,0,0,1,,0,0,0,0,0,0,0,ubuntu,fixed,apt,Pantheon,systemd,https://elementary.io/,curated; subjective columns intentionally blank,2026-09-16
Zorin OS,0,1,1,0,0,0,1,1,0,0,1,0,0,0,0,,0,0,0,0,0,,0,,,0,0,,,,,,,,,,,,,,,,,,,,,,,,1,0,0,0,0,0,0,,0,0,0,0,0,0,0,ubuntu,fixed,apt,GNOME,systemd,https://zorin.com/os/,curated; subjective columns intentionally blank,2026-09-16
MX Linux,0,1,1,0,0,0,0,1,0,0,0,0,1,0,1,,0,0,0,0,0,,0,,,1,0,,,,,,,,,,,,,,,,,,,,,,,,0,0,0,0,0,0,0,,0,0,0,0,0,0,0,debian,fixed,apt,Xfce,sysvinit,https://mxlinux.org/,curated; subjective columns intentionally blank,2026-09-16
EndeavourOS,1,0,0,1,0,0,1,0,1,0,0,0,0,1,0,,0,0,0,0,0,,0,,,0,0,,,,,,,,,,,,,,,,,,,,,,,,0,0,0,0,0,0,0,,0,0,0,0,0,0,0,arch,rolling,pacman,none,systemd,https://endeavouros.com/,curated; subjective columns intentionally blank,2026-09-16
Garuda Linux,1,0,0,1,0,0,1,0,1,0,0,1,0,0,0,,0,1,0,0,0,,0,,,0,0,,,,,,,,,,,,,,,,,,,,,,,,0,0,0,0,0,0,0,,0,0,0,0,0,0,0,arch,rolling,pacman,KDE Plasma,systemd,https://garudalinux.org/,curated; subjective columns intentionally blank,2026-09-16
Kali Linux,1,0,1,0,0,0,1,1,0,0,0,0,1,0,0,,1,0,0,0,0,,0,,,0,0,,,,,,,,,,,,,,,,,,,,,,,,0,0,0,0,0,0,0,,0,0,0,0,0,0,0,debian,rolling,apt,Xfce,systemd,https://www.kali.org/,curated; subjective columns intentionally blank,2026-09-16
Parrot OS,0,1,1,0,0,0,1,1,0,0,0,0,0,0,0,,1,0,0,0,0,,0,,,0,0,,,,,,,,,,,,,,,,,,,,,,,,0,0,0,0,0,0,0,,0,0,0,0,0,0,0,debian,fixed,apt,MATE,systemd,https://parrotsec.org/,curated; subjective columns intentionally blank,2026-09-16
Gentoo,1,0,0,0,0,1,0,0,0,0,0,0,0,1,0,,0,0,0,0,0,,1,,,1,1,,,,,,,,,,,,,,,,,,,,,,,,0,0,0,0,0,0,0,,0,0,0,0,0,0,0,independent,rolling,portage,none,openrc,https://www.gentoo.org/,curated; subjective columns intentionally blank,2026-09-16
Slackware,0,1,0,0,0,1,0,0,0,0,0,1,0,0,0,,0,0,0,0,0,,1,,,1,1,,,,,,,,,,,,,,,,,,,,,,,,0,0,0,0,0,0,0,,0,0,0,0,0,0,0,independent,fixed,pkgtools,KDE Plasma,sysvinit,https://www.slackware.com/,curated; subjective columns intentionally blank,2026-09-16
CentOS Stream,0,0,0,0,1,0,1,0,0,1,1,0,0,0,0,,0,0,1,0,1,,0,,,0,0,,,,,,,,,,,,,,,,,,,,,,,,0,0,0,0,0,0,0,,1,0,0,0,0,0,0,rhel,continuous,dnf,GNOME,systemd,https://www.centos.org/centos-stream/,curated; subjective columns intentionally blank,2026-09-16
Rocky Linux,0,1,0,0,1,0,1,0,0,1,1,0,0,0,0,,0,0,1,0,0,,0,,,0,0,,,,,,,,,,,,,,,,,,,,,,,,0,0,0,0,0,0,0,,0,1,0,0,0,0,0,rhel,fixed,dnf,GNOME,systemd,https://rockylinux.org/,curated; subjective columns intentionally blank,2026-09-16
AlmaLinux,0,1,0,0,1,0,1,0,0,1,1,0,0,0,0,,0,0,1,0,0,,0,,,0,0,,,,,,,,,,,,,,,,,,,,,,,,0,0,0,0,0,0,0,,0,0,1,0,0,0,0,rhel,fixed,dnf,GNOME,systemd,https://almalinux.org/,curated; subjective columns intentionally blank,2026-09-16
Void Linux,1,0,0,0,0,1,0,0,0,0,0,0,0,1,1,,0,0,0,0,0,,1,,,1,1,,,,,,,,,,,,,,,,,,,,,,,,0,0,0,0,0,0,0,,0,0,0,0,0,0,0,independent,rolling,xbps,none,runit,https://voidlinux.org/,curated; subjective columns intentionally blank,2026-09-16
Alpine Linux,0,1,0,0,0,1,0,0,0,0,0,0,0,1,1,,1,0,1,0,0,,1,,,1,1,,,,,,,,,,,,,,,,,,,,,,,,0,0,0,0,0,0,0,,0,0,0,0,0,0,0,independent,fixed,apk,none,openrc,https://alpinelinux.org/,curated; subjective columns intentionally blank,2026-09-16
NixOS,0,1,0,0,0,1,1,0,0,0,0,0,0,1,0,,0,0,0,0,0,,0,,,0,0,,,,,,,,,,,,,,,,,,,,,,,,0,0,1,0,0,0,0,,0,0,0,0,0,0,0,independent,fixed,nix,none,systemd,https://nixos.org/,curated; subjective columns intentionally blank,2026-09-16
Solus,1,0,0,0,0,1,1,0,0,0,0,0,0,0,0,,0,0,0,0,0,,0,,,0,0,,,,,,,,,,,,,,,,,,,,,,,,0,0,0,0,0,0,0,,0,0,0,0,0,0,0,independent,rolling,eopkg,Budgie,systemd,https://getsol.us/,curated; subjective columns intentionally blank,2026-09-16
Deepin,0,1,1,0,0,0,1,1,0,0,0,0,0,0,0,,0,0,0,0,0,,0,,,0,0,,,,,,,,,,,,,,,,,,,,,,,,0,0,0,0,0,0,0,,0,0,0,0,0,0,0,debian,fixed,apt,DDE,systemd,https://www.deepin.org/,curated; subjective columns intentionally blank,2026-09-16
KDE neon,0,0,1,0,0,0,1,1,0,0,0,1,0,0,0,,0,0,0,0,0,,0,,,0,0,,,,,,,,,,,,,,,,,,,,,,,,1,0,0,0,0,0,0,,0,0,0,0,0,0,0,ubuntu,continuous,apt,KDE Plasma,systemd,https://neon.kde.org/,curated; subjective columns intentionally blank,2026-09-16
Kubuntu,0,1,1,0,0,0,1,1,0,0,0,1,0,0,0,,0,0,0,0,0,,0,,,0,0,,,,,,,,,,,,,,,,,,,,,,,,1,0,0,0,0,0,0,,0,0,0,0,0,0,0,ubuntu,fixed,apt,KDE Plasma,systemd,https://kubuntu.org/,curated; subjective columns intentionally blank,2026-09-16
Xubuntu,0,1,1,0,0,0,1,1,0,0,0,0,1,0,1,,0,0,0,0,0,,0,,,0,0,,,,,,,,,,,,,,,,,,,,,,,,1,0,0,0,0,0,0,,0,0,0,1,0,0,0,ubuntu,fixed,apt,Xfce,systemd,https://xubuntu.org/,curated; subjective columns intentionally blank,2026-09-16
Lubuntu,0,1,1,0,0,0,1,1,0,0,0,0,0,0,1,,0,0,0,0,0,,0,,,0,0,,,,,,,,,,,,,,,,,,,,,,,,1,0,0,0,0,0,0,,0,0,0,0,0,0,0,ubuntu,fixed,apt,LXQt,systemd,https://lubuntu.me/,curated; subjective columns intentionally blank,2026-09-16
Ubuntu MATE,0,1,1,0,0,0,1,1,0,0,0,0,0,0,0,,0,0,0,0,0,,0,,,0,0,,,,,,,,,,,,,,,,,,,,,,,,1,0,0,0,0,0,0,,0,0,0,0,1,0,0,ubuntu,fixed,apt,MATE,systemd,https://ubuntu-mate.org/,curated; subjective columns intentionally blank,2026-09-16
Peppermint OS,0,1,1,0,0,0,1,1,0,0,0,0,1,0,1,,0,0,0,0,0,,0,,,0,0,,,,,,,,,,,,,,,,,,,,,,,,0,0,0,0,0,0,0,,0,0,0,0,0,0,0,debian,fixed,apt,Xfce,systemd,https://peppermintos.com/,curated; subjective columns intentionally blank,2026-09-16
antiX,0,1,1,0,0,0,0,1,0,0,0,0,0,0,1,,0,0,0,0,0,,0,,,1,1,,,,,,,,,,,,,,,,,,,,,,,,0,0,0,0,0,0,0,,0,0,0,0,0,0,0,debian,fixed,apt,IceWM,sysvinit,https://antixlinux.com/,curated; subjective columns intentionally blank,2026-09-16
Puppy Linux,,,,,,,,,,,0,0,0,0,1,,0,0,0,0,0,,0,,,,0,,,,,,,,,,,,,,,,,,,,,,,,0,0,0,0,0,0,0,,0,0,0,0,0,0,0,mixed,varies,varies,JWM,varies,https://puppylinux-woof-ce.github.io/,curated; subjective columns intentionally blank,2026-09-16
Tails,0,1,1,0,0,0,1,1,0,0,1,0,0,0,0,,1,0,0,0,0,,0,,,0,0,,,,,,,,,,,,,,,,,,,,,,,,0,0,0,1,0,0,0,,0,0,0,0,0,0,0,debian,fixed,apt,GNOME,systemd,https://tails.net/,curated; subjective columns intentionally blank,2026-09-16
Qubes OS,0,1,0,0,0,1,1,0,0,1,0,0,1,0,0,,1,0,0,0,0,,0,,,0,0,,,,,,,,,,,,,,,,,,,,,,,,0,0,0,0,0,0,0,,0,0,0,0,0,0,0,independent,fixed,dnf,Xfce,systemd,https://www.qubes-os.org/,curated; subjective columns intentionally blank,2026-09-16
PCLinuxOS,1,0,0,0,0,1,0,0,0,1,0,1,0,0,0,,0,0,0,0,0,,0,,,1,0,,,,,,,,,,,,,,,,,,,,,,,,0,0,0,0,0,0,0,,0,0,0,0,0,0,0,independent,rolling,apt-rpm,KDE Plasma,sysvinit,https://www.pclinuxos.com/,curated; subjective columns intentionally blank,2026-09-16
Mageia,0,1,0,0,0,0,1,0,0,1,0,1,0,0,0,,0,0,0,0,0,,0,,,0,0,,,,,,,,,,,,,,,,,,,,,,,,0,0,0,0,0,0,0,,0,0,0,0,0,1,0,mandriva,fixed,dnf,KDE Plasma,systemd,https://www.mageia.org/,curated; subjective columns intentionally blank,2026-09-16
Clear Linux,,,0,0,0,1,1,0,0,0,1,0,0,0,0,,0,0,0,0,1,,0,,,0,0,,,,,,,,,,,,,,,,,,,,,,,,0,0,0,0,0,0,0,,0,0,0,0,0,0,0,independent,discontinued,swupd,GNOME,systemd,https://www.clearlinux.org/,curated; subjective columns intentionally blank,2026-09-16
Bodhi Linux,0,1,1,0,0,0,1,1,0,0,0,0,0,0,1,,0,0,0,0,0,,0,,,0,0,,,,,,,,,,,,,,,,,,,,,,,,1,0,0,0,0,0,0,,0,0,0,0,0,0,0,ubuntu,fixed,apt,Moksha,systemd,https://www.bodhilinux.com/,curated; subjective columns intentionally blank,2026-09-16
ArcoLinux,1,0,0,1,0,0,1,0,1,0,0,0,1,0,0,,0,0,0,0,0,,0,,,0,0,,,,,,,,,,,,,,,,,,,,,,,,0,0,0,0,0,0,0,,0,0,0,0,0,0,0,arch,rolling,pacman,Xfce,systemd,https://arcolinux.com/,curated; subjective columns intentionally blank,2026-09-16
Artix Linux,1,0,0,1,0,0,0,0,1,0,0,0,0,1,0,,0,0,0,0,0,,1,,,1,1,,,,,,,,,,,,,,,,,,,,,,,,0,0,0,0,0,0,0,,0,0,0,0,0,0,0,arch,rolling,pacman,none,openrc,https://artixlinux.org/,curated; subjective columns intentionally blank,2026-09-16
Chimera Linux,1,0,0,0,0,1,0,0,0,0,0,0,0,1,0,,0,0,0,0,0,,1,,,0,1,,,,,,,,,,,,,,,,,,,,,,,,0,0,0,0,0,0,0,,0,0,0,0,0,0,0,independent,rolling,apk,none,dinit,https://chimera-linux.org/,curated; subjective columns intentionally blank,2026-09-16
Devuan,0,1,1,0,0,0,0,1,0,0,0,0,1,0,0,,0,0,0,0,0,,0,,,1,1,,,,,,,,,,,,,,,,,,,,,,,,0,0,0,0,0,0,0,,0,0,0,0,0,0,0,debian,fixed,apt,Xfce,sysvinit,https://www.devuan.org/,curated; subjective columns intentionally blank,2026-09-16
Fedora Silverblue,0,1,0,0,0,0,1,0,0,1,1,0,0,0,0,,0,0,0,1,0,,0,,,0,0,,,,,,,,,,,,,,,,,,,,,,,,0,0,0,0,0,0,0,,0,0,0,0,0,0,0,fedora,fixed,rpm-ostree,GNOME,systemd,https://fedoraproject.org/atomic-desktops/silverblue/,curated; subjective columns intentionally blank,2026-09-16
SteamOS,0,1,0,1,0,0,1,0,1,0,0,1,0,0,0,,0,1,0,1,1,,0,,,0,0,,,,,,,,,,,,,,,,,,,,,,,,0,1,0,0,0,0,0,,0,0,0,0,0,0,0,arch,fixed,pacman,KDE Plasma,systemd,https://store.steampowered.com/steamos,curated; subjective columns intentionally blank,2026-09-16
Feren OS,0,1,1,0,0,0,1,1,0,0,0,1,0,0,0,,0,0,0,0,0,,0,,,0,0,,,,,,,,,,,,,,,,,,,,,,,,1,0,0,0,0,0,0,,0,0,0,0,0,0,1,ubuntu,fixed,apt,KDE Plasma,systemd,https://ferenos.weebly.com/,curated; subjective columns intentionally blank,2026-09-16
Nitrux,0,1,1,0,0,0,1,1,0,0,0,0,0,0,0,,0,0,0,1,0,,0,,,0,0,,,,,,,,,,,,,,,,,,,,,,,,0,0,0,0,0,0,0,,0,0,0,0,0,0,0,debian,fixed,apt,NX Desktop,systemd,https://nxos.org/,curated; subjective columns intentionally blank,2026-09-16
Linux Lite,0,1,1,0,0,0,1,1,0,0,0,0,1,0,1,,0,0,0,0,0,,0,,,0,0,,,,,,,,,,,,,,,,,,,,,,,,1,0,0,0,0,0,0,,0,0,0,0,0,0,0,ubuntu,fixed,apt,Xfce,systemd,https://www.linuxliteos.com/,curated; subjective columns intentionally blank,2026-09-16
Sparky Linux,,,1,0,0,0,1,1,0,0,0,0,0,0,1,,0,0,0,0,0,,0,,,0,0,,,,,,,,,,,,,,,,,,,,,,,,0,0,0,0,0,0,0,,0,0,0,0,0,0,0,debian,mixed,apt,LXQt,systemd,https://sparkylinux.org/,curated; subjective columns intentionally blank,2026-09-16
Q4OS,0,1,1,0,0,0,1,1,0,0,0,0,0,0,1,,0,0,0,0,0,,0,,,0,0,,,,,,,,,,,,,,,,,,,,,,,,0,0,0,0,0,0,0,,0,0,0,0,0,0,0,debian,fixed,apt,Trinity,systemd,https://q4os.org/,curated; subjective columns intentionally blank,2026-09-16
Vanilla OS,0,1,1,0,0,0,1,0,0,0,1,0,0,0,0,,0,0,0,1,0,,0,,,0,0,,,,,,,,,,,,,,,,,,,,,,,,0,0,0,0,0,0,0,,0,0,0,0,0,0,0,debian,fixed,apx,GNOME,systemd,https://vanillaos.org/,curated; subjective columns intentionally blank,2026-09-16
Bazzite,0,1,0,0,0,0,1,0,0,1,0,1,0,0,0,,0,1,0,1,0,,0,,,0,0,,,,,,,,,,,,,,,,,,,,,,,,0,1,0,0,0,0,0,,0,0,0,0,0,0,0,fedora,fixed,rpm-ostree,KDE Plasma,systemd,https://bazzite.gg/,curated; subjective columns intentionally blank,2026-09-16
Nobara Linux,0,1,0,0,0,0,1,0,0,1,0,1,0,0,0,,0,1,0,0,0,,0,,,0,0,,,,,,,,,,,,,,,,,,,,,,,,0,0,0,0,0,0,0,,0,0,0,0,0,0,0,fedora,fixed,dnf,KDE Plasma,systemd,https://nobaraproject.org/,curated; subjective columns intentionally blank,2026-09-16
CachyOS,1,0,0,1,0,0,1,0,1,0,0,1,0,0,0,,0,1,0,0,0,,0,,,0,0,,,,,,,,,,,,,,,,,,,,,,,,0,0,0,0,0,0,0,,0,0,0,0,0,0,0,arch,rolling,pacman,KDE Plasma,systemd,https://cachyos.org/,curated; subjective columns intentionally blank,2026-09-16
Fedora KDE Plasma Desktop,0,1,0,0,0,0,1,0,0,1,0,1,0,0,0,,0,0,0,0,0,,0,,,0,0,,,,,,,,,,,,,,,,,,,,,,,,0,0,0,0,0,0,0,,0,0,0,0,0,0,0,fedora,fixed,dnf,KDE Plasma,systemd,https://fedoraproject.org/kde/,curated; subjective columns intentionally blank,2026-09-16
Fedora Kinoite,0,1,0,0,0,0,1,0,0,1,0,1,0,0,0,,0,0,0,1,0,,0,,,0,0,,,,,,,,,,,,,,,,,,,,,,,,0,0,0,0,0,0,0,,0,0,0,0,0,0,0,fedora,fixed,rpm-ostree,KDE Plasma,systemd,https://fedoraproject.org/atomic-desktops/kinoite/,curated; subjective columns intentionally blank,2026-09-16
Fedora Sway Atomic,0,1,0,0,0,0,1,0,0,1,0,0,0,0,0,,0,0,0,1,0,,0,,,0,0,,,,,,,,,,,,,,,,,,,,,,,,0,0,0,0,0,0,0,,0,0,0,0,0,0,0,fedora,fixed,rpm-ostree,Sway,systemd,https://fedoraproject.org/atomic-desktops/sway/,curated; subjective columns intentionally blank,2026-09-16
Fedora CoreOS,0,0,0,0,0,0,1,0,0,1,0,0,0,1,0,,0,0,1,1,0,,0,,,0,0,,,,,,,,,,,,,,,,,,,,,,,,0,0,0,0,0,0,0,,0,0,0,0,0,0,0,fedora,continuous,rpm-ostree,none,systemd,https://fedoraproject.org/coreos/,curated; subjective columns intentionally blank,2026-09-16
Fedora Server,0,1,0,0,0,0,1,0,0,1,0,0,0,1,0,,0,0,1,0,0,,0,,,0,0,,,,,,,,,,,,,,,,,,,,,,,,0,0,0,0,0,0,0,,0,0,0,0,0,0,0,fedora,fixed,dnf,none,systemd,https://fedoraproject.org/server/,curated; subjective columns intentionally blank,2026-09-16
Fedora Xfce Spin,0,1,0,0,0,0,1,0,0,1,0,0,1,0,1,,0,0,0,0,0,,0,,,0,0,,,,,,,,,,,,,,,,,,,,,,,,0,0,0,0,0,0,0,,0,0,0,0,0,0,0,fedora,fixed,dnf,Xfce,systemd,https://fedoraproject.org/spins/xfce/,curated; subjective columns intentionally blank,2026-09-16
Fedora LXQt Spin,0,1,0,0,0,0,1,0,0,1,0,0,0,0,1,,0,0,0,0,0,,0,,,0,0,,,,,,,,,,,,,,,,,,,,,,,,0,0,0,0,0,0,0,,0,0,0,0,0,0,0,fedora,fixed,dnf,LXQt,systemd,https://fedoraproject.org/spins/lxqt/,curated; subjective columns intentionally blank,2026-09-16
Ubuntu Server,0,1,1,0,0,0,1,1,0,0,0,0,0,1,0,,0,0,1,0,1,,0,,,0,0,,,,,,,,,,,,,,,,,,,,,,,,1,0,0,0,0,0,0,,0,0,0,0,0,0,0,ubuntu,fixed,apt,none,systemd,https://ubuntu.com/server,curated; subjective columns intentionally blank,2026-09-16
Ubuntu Budgie,0,1,1,0,0,0,1,1,0,0,0,0,0,0,0,,0,0,0,0,0,,0,,,0,0,,,,,,,,,,,,,,,,,,,,,,,,1,0,0,0,0,0,0,,0,0,0,0,0,0,0,ubuntu,fixed,apt,Budgie,systemd,https://ubuntubudgie.org/,curated; subjective columns intentionally blank,2026-09-16
Ubuntu Cinnamon,0,1,1,0,0,0,1,1,0,0,0,0,0,0,0,,0,0,0,0,0,,0,,,0,0,,,,,,,,,,,,,,,,,,,,,,,,1,0,0,0,0,1,0,,0,0,0,0,0,0,0,ubuntu,fixed,apt,Cinnamon,systemd,https://ubuntucinnamon.org/,curated; subjective columns intentionally blank,2026-09-16
Ubuntu Studio,0,1,1,0,0,0,1,1,0,0,0,1,0,0,0,,0,0,0,0,0,,0,,,0,0,,,,,,,,,,,,,,,,,,,,,,,,1,0,0,0,0,0,0,,0,0,0,0,0,0,0,ubuntu,fixed,apt,KDE Plasma,systemd,https://ubuntustudio.org/,curated; subjective columns intentionally blank,2026-09-16
Ubuntu Unity,0,1,1,0,0,0,1,1,0,0,0,0,0,0,0,,0,0,0,0,0,,0,,,0,0,,,,,,,,,,,,,,,,,,,,,,,,1,0,0,0,0,0,0,,0,0,0,0,0,0,0,ubuntu,fixed,apt,Unity,systemd,https://ubuntuunity.org/,curated; subjective columns intentionally blank,2026-09-16
Ubuntu Kylin,0,1,1,0,0,0,1,1,0,0,0,0,0,0,0,,0,0,0,0,0,,0,,,0,0,,,,,,,,,,,,,,,,,,,,,,,,1,0,0,0,0,0,0,,0,0,0,0,0,0,0,ubuntu,fixed,apt,UKUI,systemd,https://www.ubuntukylin.com/,curated; subjective columns intentionally blank,2026-09-16
Edubuntu,0,1,1,0,0,0,1,1,0,0,1,0,0,0,0,,0,0,0,0,0,,0,,,0,0,,,,,,,,,,,,,,,,,,,,,,,,1,0,0,0,0,0,0,,0,0,0,0,0,0,0,ubuntu,fixed,apt,GNOME,systemd,https://www.edubuntu.org/,curated; subjective columns intentionally blank,2026-09-16
Linux Mint Debian Edition,0,1,1,0,0,0,1,1,0,0,0,0,0,0,0,,0,0,0,0,0,,0,,,0,0,,,,,,,,,,,,,,,,,,,,,,,,0,0,0,0,0,1,0,,0,0,0,0,0,0,0,debian,fixed,apt,Cinnamon,systemd,https://linuxmint.com/download_lmde.php,curated; subjective columns intentionally blank,2026-09-16
Raspberry Pi OS,0,1,1,0,0,0,1,1,0,0,0,0,0,0,1,,0,0,0,0,0,,0,,,0,0,,,,,,,,,,,,,,,,,,,,,,,,0,0,0,0,0,0,0,,0,0,0,0,0,0,0,debian,fixed,apt,PIXEL,systemd,https://www.raspberrypi.com/software/operating-systems/,curated; subjective columns intentionally blank,2026-09-16
DietPi,0,1,1,0,0,0,1,1,0,0,0,0,0,1,1,,0,0,1,0,0,,0,,,0,1,,,,,,,,,,,,,,,,,,,,,,,,0,0,0,0,0,0,0,,0,0,0,0,0,0,0,debian,fixed,apt,none,systemd,https://dietpi.com/,curated; subjective columns intentionally blank,2026-09-16
KDE Linux,,,0,0,0,1,1,0,0,0,0,1,0,0,0,,0,0,0,1,0,,0,,,0,0,,,,,,,,,,,,,,,,,,,,,,,,0,0,0,0,0,0,0,,0,0,0,0,0,0,0,independent,development,systemd-sysext,KDE Plasma,systemd,https://kde.org/linux/,curated; subjective columns intentionally blank,2026-09-16
openSUSE Slowroll,1,0,0,0,0,1,1,0,0,1,0,1,0,0,0,,0,0,0,0,0,,0,,,0,0,,,,,,,,,,,,,,,,,,,,,,,,0,0,0,0,0,0,0,,0,0,0,0,0,0,0,independent,rolling,zypper,KDE Plasma,systemd,https://en.opensuse.org/Portal:Slowroll,curated; subjective columns intentionally blank,2026-09-16
openSUSE MicroOS,1,0,0,0,0,1,1,0,0,0,0,0,0,1,0,,0,0,1,1,0,,0,,,0,0,,,,,,,,,,,,,,,,,,,,,,,,0,0,0,0,0,0,0,,0,0,0,0,0,0,0,independent,rolling,transactional-update,none,systemd,https://microos.opensuse.org/,curated; subjective columns intentionally blank,2026-09-16
Aeon,1,0,0,0,0,1,1,0,0,0,1,0,0,0,0,,0,0,0,1,0,,0,,,0,0,,,,,,,,,,,,,,,,,,,,,,,,0,0,0,0,0,0,0,,0,0,0,0,0,0,0,independent,rolling,transactional-update,GNOME,systemd,https://aeondesktop.github.io/,curated; subjective columns intentionally blank,2026-09-16
Kalpa,1,0,0,0,0,1,1,0,0,0,0,1,0,0,0,,0,0,0,1,0,,0,,,0,0,,,,,,,,,,,,,,,,,,,,,,,,0,0,0,0,0,0,0,,0,0,0,0,0,0,0,independent,rolling,transactional-update,KDE Plasma,systemd,https://kalpadesktop.org/,curated; subjective columns intentionally blank,2026-09-16
SUSE Linux Enterprise Server,0,1,0,0,0,1,1,0,0,1,0,0,0,1,0,,0,0,1,0,1,,0,,,0,0,,,,,,,,,,,,,,,,,,,,,,,,0,0,0,0,0,0,0,,0,0,0,0,0,0,0,independent,fixed,zypper,none,systemd,https://www.suse.com/products/server/,curated; subjective columns intentionally blank,2026-09-16
Red Hat Enterprise Linux,0,1,0,0,0,1,1,0,0,1,1,0,0,0,0,,0,0,1,0,1,,0,,,0,0,,,,,,,,,,,,,,,,,,,,,,,,0,0,0,0,0,0,0,,0,0,0,0,0,0,0,independent,fixed,dnf,GNOME,systemd,https://www.redhat.com/en/technologies/linux-platforms/enterprise-linux,curated; subjective columns intentionally blank,2026-09-16
Oracle Linux,0,1,0,0,1,0,1,0,0,1,1,0,0,0,0,,0,0,1,0,1,,0,,,0,0,,,,,,,,,,,,,,,,,,,,,,,,0,0,0,0,0,0,0,,0,0,0,0,0,0,0,rhel,fixed,dnf,GNOME,systemd,https://www.oracle.com/linux/,curated; subjective columns intentionally blank,2026-09-16
Amazon Linux 2023,0,1,0,0,0,0,1,0,0,1,0,0,0,1,0,,0,0,1,0,1,,0,,,0,0,,,,,,,,,,,,,,,,,,,,,,,,0,0,0,0,0,0,0,,0,0,0,0,0,0,0,fedora,fixed,dnf,none,systemd,https://aws.amazon.com/linux/amazon-linux-2023/,curated; subjective columns intentionally blank,2026-09-16
EuroLinux,0,1,0,0,1,0,1,0,0,1,1,0,0,0,0,,0,0,1,0,1,,0,,,0,0,,,,,,,,,,,,,,,,,,,,,,,,0,0,0,0,0,0,0,,0,0,0,0,0,0,0,rhel,fixed,dnf,GNOME,systemd,https://en.euro-linux.com/,curated; subjective columns intentionally blank,2026-09-16
MIRACLE LINUX,0,1,0,0,1,0,1,0,0,1,1,0,0,0,0,,0,0,1,0,1,,0,,,0,0,,,,,,,,,,,,,,,,,,,,,,,,0,0,0,0,0,0,0,,0,0,0,0,0,0,0,rhel,fixed,dnf,GNOME,systemd,https://www.miraclelinux.com/,curated; subjective columns intentionally blank,2026-09-16
Gentoo Hardened,1,0,0,0,0,0,0,0,0,0,0,0,0,1,0,,1,0,0,0,0,,1,,,1,1,,,,,,,,,,,,,,,,,,,,,,,,0,0,0,0,0,0,0,,0,0,0,0,0,0,0,gentoo,rolling,portage,none,openrc,https://wiki.gentoo.org/wiki/Hardened_Gentoo,curated; subjective columns intentionally blank,2026-09-16
Funtoo Linux,,,0,0,0,0,0,0,0,0,0,0,0,1,0,,0,0,0,0,0,,1,,,1,1,,,,,,,,,,,,,,,,,,,,,,,,0,0,0,0,0,0,0,,0,0,0,0,0,0,0,gentoo,discontinued,portage,none,openrc,https://www.funtoo.org/,curated; subjective columns intentionally blank,2026-09-16
Calculate Linux,1,0,0,0,0,0,0,0,0,0,0,1,0,0,0,,0,0,0,0,0,,0,,,1,0,,,,,,,,,,,,,,,,,,,,,,,,0,0,0,0,0,0,0,,0,0,0,0,0,0,0,gentoo,rolling,portage,KDE Plasma,openrc,https://www.calculate-linux.org/,curated; subjective columns intentionally blank,2026-09-16
Redcore Linux,1,0,0,0,0,0,0,0,0,0,0,1,0,0,0,,0,0,0,0,0,,0,,,1,0,,,,,,,,,,,,,,,,,,,,,,,,0,0,0,0,0,0,0,,0,0,0,0,0,0,0,gentoo,rolling,portage,KDE Plasma,openrc,https://redcorelinux.org/,curated; subjective columns intentionally blank,2026-09-16
Bedrock Linux,1,0,,,,,,,,,0,0,0,1,0,,0,0,0,0,0,,0,,,,0,,,,,,,,,,,,,,,,,,,,,,,,0,0,0,0,0,0,0,,0,0,0,0,0,0,0,mixed,rolling,mixed,none,varies,https://bedrocklinux.org/,curated; subjective columns intentionally blank,2026-09-16
Tiny Core Linux,0,1,0,0,0,1,0,0,0,0,0,0,0,0,1,,0,0,0,0,0,,0,,,0,1,,,,,,,,,,,,,,,,,,,,,,,,0,0,0,0,0,0,0,,0,0,0,0,0,0,0,independent,fixed,tce,FLWM,custom,http://tinycorelinux.net/,curated; subjective columns intentionally blank,2026-09-16
SliTaz,1,0,0,0,0,1,0,0,0,0,0,0,0,0,1,,0,0,0,0,0,,0,,,1,1,,,,,,,,,,,,,,,,,,,,,,,,0,0,0,0,0,0,0,,0,0,0,0,0,0,0,independent,rolling,tazpkg,Openbox,sysvinit,https://slitaz.org/,curated; subjective columns intentionally blank,2026-09-16
Damn Small Linux,0,1,1,0,0,0,0,1,0,0,0,0,0,0,1,,0,0,0,0,0,,0,,,1,0,,,,,,,,,,,,,,,,,,,,,,,,0,0,0,0,0,0,0,,0,0,0,0,0,0,0,debian,fixed,apt,Fluxbox,sysvinit,https://www.damnsmalllinux.org/,curated; subjective columns intentionally blank,2026-09-16
4MLinux,0,1,0,0,0,1,0,0,0,0,0,0,0,0,1,,0,0,0,0,0,,0,,,0,0,,,,,,,,,,,,,,,,,,,,,,,,0,0,0,0,0,0,0,,0,0,0,0,0,0,0,independent,fixed,custom,JWM,custom,https://4mlinux.com/,curated; subjective columns intentionally blank,2026-09-16
Porteus,0,1,0,0,0,0,0,0,0,0,0,1,0,0,1,,0,0,0,0,0,,0,,,1,0,,,,,,,,,,,,,,,,,,,,,,,,0,0,0,0,0,0,0,,0,0,0,0,0,0,0,slackware,fixed,pkgtools,KDE Plasma,sysvinit,https://www.porteus.org/,curated; subjective columns intentionally blank,2026-09-16
Slax,0,1,1,0,0,0,1,1,0,0,0,0,0,0,1,,0,0,0,0,0,,0,,,0,0,,,,,,,,,,,,,,,,,,,,,,,,0,0,0,0,0,0,0,,0,0,0,0,0,0,0,debian,fixed,apt,Fluxbox,systemd,https://www.slax.org/,curated; subjective columns intentionally blank,2026-09-16
Knoppix,0,1,1,0,0,0,1,1,0,0,0,0,0,0,0,,0,0,0,0,0,,0,,,0,0,,,,,,,,,,,,,,,,,,,,,,,,0,0,0,0,0,0,0,,0,0,0,0,0,0,0,debian,fixed,apt,LXDE,systemd,https://www.knopper.net/knoppix/,curated; subjective columns intentionally blank,2026-09-16
SystemRescue,1,0,0,1,0,0,1,0,1,0,0,0,1,0,0,,1,0,0,0,0,,0,,,0,0,,,,,,,,,,,,,,,,,,,,,,,,0,0,0,1,0,0,0,,0,0,0,0,0,0,0,arch,rolling,pacman,Xfce,systemd,https://www.system-rescue.org/,curated; subjective columns intentionally blank,2026-09-16
Clonezilla Live,0,1,1,0,0,0,1,1,0,0,0,0,0,1,0,,0,0,0,0,0,,0,,,0,0,,,,,,,,,,,,,,,,,,,,,,,,0,0,0,0,0,0,0,,0,0,0,0,0,0,0,debian,fixed,apt,none,systemd,https://clonezilla.org/clonezilla-live.php,curated; subjective columns intentionally blank,2026-09-16
GParted Live,0,1,1,0,0,0,1,1,0,0,0,0,1,0,0,,0,0,0,0,0,,0,,,0,0,,,,,,,,,,,,,,,,,,,,,,,,0,0,0,0,0,0,0,,0,0,0,0,0,0,0,debian,fixed,apt,Xfce,systemd,https://gparted.org/livecd.php,curated; subjective columns intentionally blank,2026-09-16
Kubuntu Focus,0,1,1,0,0,0,1,1,0,0,0,1,0,0,0,,0,0,0,0,1,,0,,,0,0,,,,,,,,,,,,,,,,,,,,,,,,1,0,0,0,0,0,0,,0,0,0,0,0,0,0,ubuntu,fixed,apt,KDE Plasma,systemd,https://kfocus.org/,curated; subjective columns intentionally blank,2026-09-16
TUXEDO OS,0,1,1,0,0,0,1,1,0,0,0,1,0,0,0,,0,0,0,0,1,,0,,,0,0,,,,,,,,,,,,,,,,,,,,,,,,1,0,0,0,0,0,0,,0,0,0,0,0,0,0,ubuntu,fixed,apt,KDE Plasma,systemd,https://www.tuxedocomputers.com/en/TUXEDO-OS.tuxedo,curated; subjective columns intentionally blank,2026-09-16
Regata OS,1,0,0,0,0,0,1,0,0,1,0,1,0,0,0,,0,1,0,0,0,,0,,,0,0,,,,,,,,,,,,,,,,,,,,,,,,0,0,0,0,0,0,0,,0,0,0,0,0,0,0,opensuse,rolling,zypper,KDE Plasma,systemd,https://www.regataos.com.br/,curated; subjective columns intentionally blank,2026-09-16
BigLinux,1,0,0,1,0,0,1,0,1,0,0,1,0,0,0,,0,0,0,0,0,,0,,,0,0,,,,,,,,,,,,,,,,,,,,,,,,0,0,0,0,0,0,0,,0,0,0,0,0,0,0,manjaro,rolling,pacman,KDE Plasma,systemd,https://www.biglinux.com.br/,curated; subjective columns intentionally blank,2026-09-16
KaOS,1,0,0,0,0,1,1,0,1,0,0,1,0,0,0,,0,0,0,0,0,,0,,,0,1,,,,,,,,,,,,,,,,,,,,,,,,0,0,0,0,0,0,0,,0,0,0,0,0,0,0,independent,rolling,pacman,KDE Plasma,systemd,https://kaosx.us/,curated; subjective columns intentionally blank,2026-09-16
blendOS,1,0,0,1,0,0,1,0,1,0,1,0,0,0,0,,0,0,0,1,0,,0,,,0,0,,,,,,,,,,,,,,,,,,,,,,,,0,0,0,0,0,0,0,,0,0,0,0,0,0,0,arch,rolling,pacman,GNOME,systemd,https://blendos.co/,curated; subjective columns intentionally blank,2026-09-16
Crystal Linux,1,0,0,1,0,0,1,0,1,0,1,0,0,0,0,,0,0,0,0,0,,0,,,0,0,,,,,,,,,,,,,,,,,,,,,,,,0,0,0,0,0,0,0,,0,0,0,0,0,0,0,arch,rolling,pacman,GNOME,systemd,https://getcryst.al/,curated; subjective columns intentionally blank,2026-09-16
Archcraft,1,0,0,1,0,0,1,0,1,0,0,0,0,0,1,,0,0,0,0,0,,0,,,0,1,,,,,,,,,,,,,,,,,,,,,,,,0,0,0,0,0,0,0,,0,0,0,0,0,0,0,arch,rolling,pacman,Openbox,systemd,https://archcraft.io/,curated; subjective columns intentionally blank,2026-09-16
ArchBang,1,0,0,1,0,0,1,0,1,0,0,0,0,0,1,,0,0,0,0,0,,0,,,0,1,,,,,,,,,,,,,,,,,,,,,,,,0,0,0,0,0,0,0,,0,0,0,0,0,0,0,arch,rolling,pacman,i3,systemd,https://archbang.org/,curated; subjective columns intentionally blank,2026-09-16
BlackArch,1,0,0,1,0,0,1,0,1,0,0,0,0,1,0,,1,0,0,0,0,,1,,,0,0,,,,,,,,,,,,,,,,,,,,,,,,0,0,0,0,0,0,0,,0,0,0,0,0,0,0,arch,rolling,pacman,none,systemd,https://blackarch.org/,curated; subjective columns intentionally blank,2026-09-16
Pentoo,1,0,0,0,0,0,0,0,0,0,0,0,1,0,0,,1,0,0,0,0,,0,,,1,0,,,,,,,,,,,,,,,,,,,,,,,,0,0,0,1,0,0,0,,0,0,0,0,0,0,0,gentoo,rolling,portage,Xfce,openrc,https://www.pentoo.ch/,curated; subjective columns intentionally blank,2026-09-16
Kodachi,0,1,1,0,0,0,1,1,0,0,0,0,1,0,0,,1,0,0,0,0,,0,,,0,0,,,,,,,,,,,,,,,,,,,,,,,,1,0,0,1,0,0,0,,0,0,0,0,0,0,0,ubuntu,fixed,apt,Xfce,systemd,https://www.digi77.com/linux-kodachi/,curated; subjective columns intentionally blank,2026-09-16
Whonix,0,1,1,0,0,0,1,1,0,0,0,0,1,0,0,,1,0,0,0,0,,0,,,0,0,,,,,,,,,,,,,,,,,,,,,,,,0,0,0,0,0,0,0,,0,0,0,0,0,0,0,debian,fixed,apt,Xfce,systemd,https://www.whonix.org/,curated; subjective columns intentionally blank,2026-09-16
Kicksecure,0,1,1,0,0,0,1,1,0,0,0,0,1,0,0,,1,0,0,0,0,,0,,,0,0,,,,,,,,,,,,,,,,,,,,,,,,0,0,0,0,0,0,0,,0,0,0,0,0,0,0,debian,fixed,apt,Xfce,systemd,https://www.kicksecure.com/,curated; subjective columns intentionally blank,2026-09-16
PureOS,0,1,1,0,0,0,1,1,0,0,1,0,0,0,0,,1,0,0,0,1,,0,,,0,0,,,,,,,,,,,,,,,,,,,,,,,,0,0,0,0,0,0,0,,0,0,0,0,0,0,0,debian,fixed,apt,GNOME,systemd,https://pureos.net/,curated; subjective columns intentionally blank,2026-09-16
Trisquel,0,1,1,0,0,0,1,1,0,0,0,0,0,0,0,,0,0,0,0,0,,0,,,0,0,,,,,,,,,,,,,,,,,,,,,,,,1,0,0,0,0,0,0,,0,0,0,0,0,0,0,ubuntu,fixed,apt,MATE,systemd,https://trisquel.info/,curated; subjective columns intentionally blank,2026-09-16
GNU Guix System,1,0,0,0,0,1,0,0,0,0,0,0,0,1,0,,0,0,0,0,0,,0,,,0,0,,,,,,,,,,,,,,,,,,,,,,,,0,0,1,0,0,0,0,,0,0,0,0,0,0,0,independent,rolling,guix,none,shepherd,https://guix.gnu.org/,curated; subjective columns intentionally blank,2026-09-16
Hyperbola GNU/Linux-libre,0,1,0,1,0,0,0,0,1,0,0,0,0,1,0,,0,0,0,0,0,,1,,,1,1,,,,,,,,,,,,,,,,,,,,,,,,0,0,0,0,0,0,0,,0,0,0,0,0,0,0,arch,fixed,pacman,none,openrc,https://www.hyperbola.info/,curated; subjective columns intentionally blank,2026-09-16
Parabola GNU/Linux-libre,1,0,0,1,0,0,0,0,1,0,0,0,0,1,0,,0,0,0,0,0,,1,,,1,1,,,,,,,,,,,,,,,,,,,,,,,,0,0,0,0,0,0,0,,0,0,0,0,0,0,0,arch,rolling,pacman,none,openrc,https://www.parabola.nu/,curated; subjective columns intentionally blank,2026-09-16
NixOS unstable,1,0,0,0,0,0,1,0,0,0,0,0,0,1,0,,0,0,0,0,0,,0,,,0,0,,,,,,,,,,,,,,,,,,,,,,,,0,0,1,0,0,0,0,,0,0,0,0,0,0,0,nixos,rolling,nix,none,systemd,https://nixos.org/,curated; subjective columns intentionally blank,2026-09-16
Mabox Linux,1,0,0,1,0,0,1,0,1,0,0,0,0,0,1,,0,0,0,0,0,,0,,,0,0,,,,,,,,,,,,,,,,,,,,,,,,0,0,0,0,0,0,0,,0,0,0,0,0,0,0,manjaro,rolling,pacman,Openbox,systemd,https://maboxlinux.org/,curated; subjective columns intentionally blank,2026-09-16
RebornOS,1,0,0,1,0,0,1,0,1,0,0,1,0,0,0,,0,0,0,0,0,,0,,,0,0,,,,,,,,,,,,,,,,,,,,,,,,0,0,0,0,0,0,0,,0,0,0,0,0,0,0,arch,rolling,pacman,KDE Plasma,systemd,https://rebornos.org/,curated; subjective columns intentionally blank,2026-09-16
